N,mejor,peor
10000,0.000281,0.000148
20000,0.000542,0.000190
30000,0.000750,0.000364
40000,0.001031,0.000553
50000,0.001503,0.000569
