N,mejor,peor
10000,0.000209,0.000100
20000,0.000561,0.000247
30000,0.000745,0.000502
40000,0.001799,0.000764
50000,0.001389,0.000742
