N,caso,clasico,optimizado
10000,mejor,0.001170,0.001043
20000,mejor,0.002503,0.002175
30000,mejor,0.004114,0.003879
40000,mejor,0.005877,0.005053
50000,mejor,0.007069,0.006374
10000,peor,0.001040,0.000639
20000,peor,0.002402,0.001580
30000,peor,0.003872,0.002406
40000,peor,0.005611,0.003939
50000,peor,0.006706,0.004542
10000,promedio,0.001486,0.001189
20000,promedio,0.003325,0.002672
30000,promedio,0.005324,0.004332
40000,promedio,0.007152,0.005895
50000,promedio,0.009125,0.007529
