N,caso,clasico,optimizado
10000,mejor,0.001094,0.000863
20000,mejor,0.002404,0.001890
30000,mejor,0.003723,0.003198
40000,mejor,0.005355,0.004171
50000,mejor,0.007025,0.006064
10000,peor,0.001232,0.000660
20000,peor,0.002670,0.001489
30000,peor,0.003789,0.002217
40000,peor,0.005061,0.003197
50000,peor,0.006866,0.003966
10000,promedio,0.001659,0.001263
20000,promedio,0.004045,0.002690
30000,promedio,0.005705,0.004288
40000,promedio,0.008149,0.005988
50000,promedio,0.010167,0.007348
